{
  "iforest": {
    "mean_rate": 0.0016652192777328646,
    "median_rate": 0.001659928440829708,
    "std_rate": 0.001199271068479294,
    "max_rate": 0.004459414148621487,
    "min_rate": 0.0,
    "valid_points": 99
  },
  "3sigma": {
    "mean_rate": 0.0011651349061063323,
    "median_rate": 6.244480930916358e-05,
    "std_rate": 0.0023481485503707867,
    "max_rate": 0.01392077074083812,
    "min_rate": 0.0,
    "valid_points": 99
  },
  "mad": {
    "mean_rate": 0.009900593152989997,
    "median_rate": 0.00025043923064811815,
    "std_rate": 0.028956574281178846,
    "max_rate": 0.1623745013469985,
    "min_rate": 0.0,
    "valid_points": 99
  },
  "iqr": {
    "mean_rate": 0.008153853653334233,
    "median_rate": 0.0007057537503117521,
    "std_rate": 0.01844221735515284,
    "max_rate": 0.10475599999397327,
    "min_rate": 0.0,
    "valid_points": 99
  }
}